<?xml version="1.0" standalone="yes"?>
<Recordset>
  <xs:schema id="Recordset" xmlns="" xmlns:xs="http://www.w3.org/2001/XMLSchema" xmlns:msdata="urn:schemas-microsoft-com:xml-msdata">
    <xs:element name="Recordset" msdata:IsDataSet="true" msdata:MainDataTable="DTTRANS" msdata:UseCurrentLocale="true">
      <xs:complexType>
        <xs:choice minOccurs="0" maxOccurs="unbounded">
          <xs:element name="DTTRANS">
            <xs:complexType>
              <xs:sequence>
                <xs:element name="TID" type="xs:int" minOccurs="0" />
                <xs:element name="TXID" type="xs:int" minOccurs="0" />
                <xs:element name="TNAME" type="xs:string" minOccurs="0" />
                <xs:element name="NOTES" type="xs:string" minOccurs="0" />
                <xs:element name="SHOW_RESULTS" type="xs:boolean" minOccurs="0" />
              </xs:sequence>
            </xs:complexType>
          </xs:element>
        </xs:choice>
      </xs:complexType>
    </xs:element>
  </xs:schema>
  <DTTRANS>
    <TID>2</TID>
    <TXID>2</TXID>
    <TNAME>RTS - Boards to Boardfeet</TNAME>
    <NOTES>'Business Case
'Boyce Highlands and Highland Hardwoods receive and work with units of lumber.  A unit is a bundle of random lengths and widths.  Within a unit there will be several lots that are defined by the length and the width of the boards.  The unit number in GSS will be all characters in the lot number prior to the “-“.
'Sample Lots (Unit with Suffix) – 345562-001, 345562-002, 345562-003
'Sample Unit – 345562 (stored in ITEM_MASTER.USER_FIELD_3)
'They will have a custom PO receipts screen to enter the Tally Sheet which contains the quantities of each dimension.  The tally sheet is a packing list for the lumber industry.  Tally sheet sample is included in the appendix.
'In certain cases Boyce will issue an entire Unit to a Job.  They will use some of the lots within the unit and then return the rest to stock.
'Boyce Highlands needs a custom mobile transaction to return unused lots to stock by scanning or entering the Lot Number.

'Scan or Enter JobSuffixSeq barcode from WO
Scan or Enter Lot Number (Full Lot number.  NOT Unit Number)
Enter Number of Pieces (Default to Blank)
-	Unit of Measure in inventory is Boardfeet (BF).
-	BF = Pieces Entered * Boardfeet per Board
-	We store the Boardfeet per Board in ITEM_MASTER.USER_FIELD_7
Scan of Enter Bin – If no BIN entered return to original Bin</NOTES>
    <SHOW_RESULTS>true</SHOW_RESULTS>
  </DTTRANS>
</Recordset>